watch,region,price_eur,shipping_eur,condition
Omega Speedmaster Professional,Japan,5100,45,Pre-owned
Omega Speedmaster Professional,Japan,4950,50,Pre-owned
Omega Speedmaster Professional,Japan,5250,40,Pre-owned
Omega Speedmaster Professional,Japan,4800,55,Pre-owned
Omega Speedmaster Professional,Japan,5050,60,Pre-owned
Omega Speedmaster Professional,Germany,5800,15,Pre-owned
Omega Speedmaster Professional,Germany,5950,0,Pre-owned
Omega Speedmaster Professional,Germany,5700,20,Pre-owned
Omega Speedmaster Professional,Germany,6100,0,Pre-owned
Omega Speedmaster Professional,Germany,5850,10,Pre-owned
Omega Speedmaster Professional,Italy,5750,25,Pre-owned
Omega Speedmaster Professional,Italy,5900,0,Pre-owned
Omega Speedmaster Professional,Italy,5650,15,Pre-owned
Tudor Black Bay 58,Japan,2900,50,Pre-owned
Tudor Black Bay 58,Japan,2800,45,Pre-owned
Tudor Black Bay 58,Japan,3050,55,Pre-owned
Tudor Black Bay 58,Japan,2750,40,Pre-owned
Tudor Black Bay 58,Japan,2950,60,Pre-owned
Tudor Black Bay 58,Germany,3400,0,Pre-owned
Tudor Black Bay 58,Germany,3500,15,Pre-owned
Tudor Black Bay 58,Germany,3350,0,Pre-owned
Tudor Black Bay 58,Germany,3550,10,Pre-owned
Tudor Black Bay 58,Germany,3300,20,Pre-owned
Tudor Black Bay 58,Italy,3450,0,Pre-owned
Tudor Black Bay 58,Italy,3380,15,Pre-owned
Tudor Black Bay 58,Italy,3500,0,Pre-owned
Grand Seiko SBGA211,Japan,3950,45,Pre-owned
Grand Seiko SBGA211,Japan,3800,50,Pre-owned
Grand Seiko SBGA211,Japan,4100,40,Pre-owned
Grand Seiko SBGA211,Japan,3750,55,Pre-owned
Grand Seiko SBGA211,Japan,3900,60,Pre-owned
Grand Seiko SBGA211,Germany,4800,0,Pre-owned
Grand Seiko SBGA211,Germany,4650,15,Pre-owned
Grand Seiko SBGA211,Germany,4900,0,Pre-owned
Grand Seiko SBGA211,Germany,4750,10,Pre-owned
Grand Seiko SBGA211,Germany,4850,20,Pre-owned
Grand Seiko SBGA211,Italy,4700,0,Pre-owned
Grand Seiko SBGA211,Italy,4800,15,Pre-owned
Grand Seiko SBGA211,Italy,4650,0,Pre-owned
Seiko Prospex SPB143,Japan,750,40,Pre-owned
Seiko Prospex SPB143,Japan,700,45,Pre-owned
Seiko Prospex SPB143,Japan,800,35,Pre-owned
Seiko Prospex SPB143,Japan,720,50,Pre-owned
Seiko Prospex SPB143,Japan,780,40,Pre-owned
Seiko Prospex SPB143,Germany,950,0,Pre-owned
Seiko Prospex SPB143,Germany,980,15,Pre-owned
Seiko Prospex SPB143,Germany,920,0,Pre-owned
Seiko Prospex SPB143,Germany,1000,10,Pre-owned
Seiko Prospex SPB143,Germany,940,20,Pre-owned
Seiko Prospex SPB143,Italy,960,0,Pre-owned
Seiko Prospex SPB143,Italy,930,15,Pre-owned
Seiko Prospex SPB143,Italy,970,0,Pre-owned
Rolex Submariner Date,Japan,12500,50,Pre-owned
Rolex Submariner Date,Japan,12200,55,Pre-owned
Rolex Submariner Date,Japan,12800,45,Pre-owned
Rolex Submariner Date,Japan,12000,60,Pre-owned
Rolex Submariner Date,Japan,12600,50,Pre-owned
Rolex Submariner Date,Germany,13500,0,Pre-owned
Rolex Submariner Date,Germany,13800,0,Pre-owned
Rolex Submariner Date,Germany,13200,15,Pre-owned
Rolex Submariner Date,Germany,14000,0,Pre-owned
Rolex Submariner Date,Germany,13600,10,Pre-owned
Rolex Submariner Date,Italy,13400,0,Pre-owned
Rolex Submariner Date,Italy,13700,15,Pre-owned
Rolex Submariner Date,Italy,13300,0,Pre-owned
